<?xml version="1.0" encoding="UTF-8"?>
<!DOCTYPE mapper
  PUBLIC "-//mybatis.org//DTD Mapper 3.0//EN"
  "https://mybatis.org/dtd/mybatis-3-mapper.dtd">

<mapper namespace="com.example.demo.dao.IBoardDao">

	<insert id="boardInsert">
		INSERT INTO board (
			title,
			content,
			filename
		) VALUES (
			#{board.title},
			#{board.content},
			#{board.filename}
		)
	</insert>

	<select id="getBoards" resultType="com.example.demo.domain.Board">
		select * from board 
	</select>


	<update id="updateBoard">
		update 1217user set
		password = #{password}
		role =#{member.role}
		where
		username = #{member.username}
	</update>

	<delete id="delBoard">
		delete from 1217user where username = #{username}
	</delete>
	
</mapper>