<?xml version="1.0" encoding="UTF-8"?>
<!DOCTYPE mapper
  PUBLIC "-//mybatis.org//DTD Mapper 3.0//EN"
  "https://mybatis.org/dtd/mybatis-3-mapper.dtd">

<mapper namespace="com.example.demo.dao.IMemberDao">

	<insert id="regMember">
		INSERT INTO 1217user (
		username,
		password,
		name,
		role
		) VALUES (
		#{member.username},
		#{member.password},
		#{member.name},
		#{member.role}
		)
	</insert>

	<select id="getMember"
		resultType="com.example.demo.domain.Member">
		select * from 1217user where username= #{username}
	</select>


	<update id="updateMember">
		update 1217user set
		password = #{password}
		role =#{member.role}
		where
		username = #{member.username}
	</update>

	<delete id="delMember">
		delete from 1217user where username = #{username}
	</delete>
	
</mapper>